Run	Chrom	Treatment	Description	MID
SRR6283674	Chr1	APH	Chr1_APH_ExpA	
SRR6283675	Chr1	APH	Chr1_APH_ExpB	CTG
SRR6283676	Chr1	APH	Chr1_APH_ExpC	GCA
SRR6283677	Chr1	DMSO	Chr1_DMSO_ExpA	C
SRR6283678	Chr1	DMSO	Chr1_DMSO_ExpB	AC
SRR6283679	Chr1	DMSO	Chr1_DMSO_ExpC	GTC
SRR6283680	Chr2	APH	Chr2_APH_ExpA	
SRR6283681	Chr2	APH	Chr2_APH_ExpB	CTG
SRR6283682	Chr2	APH	Chr2_APH_ExpC	GCA
SRR6283683	Chr2	DMSO	Chr2_DMSO_ExpA	C
SRR6283684	Chr2	DMSO	Chr2_DMSO_ExpB	AC
SRR6283685	Chr2	DMSO	Chr2_DMSO_ExpC	GTC
SRR6283686	Chr3	APH	Chr3_APH_ExpA	
SRR6283687	Chr3	APH	Chr3_APH_ExpB	CTG
SRR6283688	Chr3	APH	Chr3_APH_ExpC	GCA
SRR6283689	Chr3	DMSO	Chr3_DMSO_ExpA	C
SRR6283690	Chr3	DMSO	Chr3_DMSO_ExpB	AC
SRR6283691	Chr3	DMSO	Chr3_DMSO_ExpC	GTC
SRR6283692	Chr4	APH	Chr4_APH_ExpA	
SRR6283693	Chr4	APH	Chr4_APH_ExpB	CTG
SRR6283694	Chr4	APH	Chr4_APH_ExpC	GCA
SRR6283695	Chr4	DMSO	Chr4_DMSO_ExpA	C
SRR6283696	Chr4	DMSO	Chr4_DMSO_ExpB	AC
SRR6283697	Chr4	DMSO	Chr4_DMSO_ExpC	GTC
SRR6283698	Chr5	APH	Chr5_APH_ExpA	A
SRR6283699	Chr5	APH	Chr5_APH_ExpB	CTGA
SRR6283700	Chr5	APH	Chr5_APH_ExpC	GCAA
SRR6283701	Chr5	DMSO	Chr5_DMSO_ExpA	CA
SRR6283702	Chr5	DMSO	Chr5_DMSO_ExpB	ACA
SRR6283703	Chr5	DMSO	Chr5_DMSO_ExpC	GTCA
SRR6283704	Chr6	APH	Chr6_APH_ExpA	C
SRR6283705	Chr6	APH	Chr6_APH_ExpB	AC
SRR6283706	Chr6	APH	Chr6_APH_ExpC	GCA
SRR6283707	Chr6	DMSO	Chr6_DMSO_ExpA	
SRR6283708	Chr6	DMSO	Chr6_DMSO_ExpB	CTG
SRR6283709	Chr6	DMSO	Chr6_DMSO_ExpC	GTC
SRR6283710	Chr7	APH	Chr7_APH_ExpA	
SRR6283711	Chr7	APH	Chr7_APH_ExpB	CTG
SRR6283712	Chr7	APH	Chr7_APH_ExpC	GCA
SRR6283713	Chr7	DMSO	Chr7_DMSO_ExpA	C
SRR6283714	Chr7	DMSO	Chr7_DMSO_ExpB	AC
SRR6283715	Chr7	DMSO	Chr7_DMSO_ExpC	GTC
SRR6283716	Chr8	APH	Chr8_APH_ExpA	
SRR6283717	Chr8	APH	Chr8_APH_ExpB	TA
SRR6283718	Chr8	APH	Chr8_APH_ExpC	TAGT
SRR6283719	Chr8	DMSO	Chr8_DMSO_ExpA	T
SRR6283720	Chr8	DMSO	Chr8_DMSO_ExpB	GCG
SRR6283721	Chr8	DMSO	Chr8_DMSO_ExpC	CATG
SRR6283722	Chr9	APH	Chr9_APH_ExpA	
SRR6283723	Chr9	APH	Chr9_APH_ExpB	TA
SRR6283724	Chr9	APH	Chr9_APH_ExpC	TAGT
SRR6283725	Chr9	DMSO	Chr9_DMSO_ExpA	T
SRR6283726	Chr9	DMSO	Chr9_DMSO_ExpB	GCG
SRR6283727	Chr9	DMSO	Chr9_DMSO_ExpC	GATG
SRR6283728	Chr10	APH	Chr10_APH_ExpA	
SRR6283729	Chr10	APH	Chr10_APH_ExpB	CTG
SRR6283730	Chr10	APH	Chr10_APH_ExpC	GCA
SRR6283731	Chr10	DMSO	Chr10_DMSO_ExpA	C
SRR6283732	Chr10	DMSO	Chr10_DMSO_ExpB	AC
SRR6283733	Chr10	DMSO	Chr10_DMSO_ExpC	GTC
SRR6283734	Chr11	APH	Chr11_APH_ExpA	
SRR6283735	Chr11	APH	Chr11_APH_ExpB	CTG
SRR6283736	Chr11	APH	Chr11_APH_ExpC	GCA
SRR6283737	Chr11	DMSO	Chr11_DMSO_ExpA	C
SRR6283738	Chr11	DMSO	Chr11_DMSO_ExpB	AC
SRR6283739	Chr11	DMSO	Chr11_DMSO_ExpC	GTC
SRR6283740	Chr13	APH	Chr13_APH_ExpA	GCG
SRR6283741	Chr13	APH	Chr13_APH_ExpB	TAGT
SRR6283742	Chr13	APH	Chr13_APH_ExpC	GATG
SRR6283743	Chr13	APH	Chr13_APH_ExpD	T
SRR6283744	Chr13	APH	Chr13_APH_ExpE	GCG
SRR6283745	Chr13	DMSO	Chr13_DMSO_ExpA	
SRR6283746	Chr13	DMSO	Chr13_DMSO_ExpB	T
SRR6283747	Chr13	DMSO	Chr13_DMSO_ExpC	TA
SRR6283748	Chr13	DMSO	Chr13_DMSO_ExpD	
SRR6283749	Chr13	DMSO	Chr13_DMSO_ExpE	TA
SRR6283750	Chr14	APH	Chr14_APH_ExpA	TA
SRR6283751	Chr14	APH	Chr14_APH_ExpB	GCG
SRR6283752	Chr14	APH	Chr14_APH_ExpC	TAGT
SRR6283753	Chr14	DMSO	Chr14_DMSO_ExpA	
SRR6283754	Chr14	DMSO	Chr14_DMSO_ExpB	
SRR6283755	Chr14	DMSO	Chr14_DMSO_ExpC	T
SRR6283756	Chr17	APH	Chr17_APH_ExpA	
SRR6283757	Chr17	APH	Chr17_APH_ExpB	T
SRR6283758	Chr17	APH	Chr17_APH_ExpC	TA
SRR6283759	Chr17	APH	Chr17_APH_ExpD	T
SRR6283760	Chr17	APH	Chr17_APH_ExpE	TA
SRR6283761	Chr17	APH	Chr17_APH_ExpF	GCG
SRR6283762	Chr17	DMSO	Chr17_DMSO_ExpA	GCG
SRR6283763	Chr17	DMSO	Chr17_DMSO_ExpB	TAGT
SRR6283764	Chr17	DMSO	Chr17_DMSO_ExpC	CATG
SRR6283765	Chr17	DMSO	Chr17_DMSO_ExpD	
SRR6283766	Chr17	DMSO	Chr17_DMSO_ExpE	T
SRR6283767	Chr17	DMSO	Chr17_DMSO_ExpF	TA
SRR6283768	Chr18	APH	Chr18_APH_ExpA	
SRR6283769	Chr18	APH	Chr18_APH_ExpB	T
SRR6283770	Chr18	APH	Chr18_APH_ExpC	TA
SRR6283771	Chr18	DMSO	Chr18_DMSO_ExpA	GCG
SRR6283772	Chr18	DMSO	Chr18_DMSO_ExpB	TAGT
SRR6283773	Chr18	DMSO	Chr18_DMSO_ExpC	CATG
SRR6283774	Chr19	APH	Chr19_APH_ExpA	GCG
SRR6283775	Chr19	APH	Chr19_APH_ExpB	TAGT
SRR6283776	Chr19	APH	Chr19_APH_ExpC	CATG
SRR6283777	Chr19	DMSO	Chr19_DMSO_ExpA	
SRR6283778	Chr19	DMSO	Chr19_DMSO_ExpB	T
SRR6283779	Chr19	DMSO	Chr19_DMSO_ExpC	TA
SRR6283780	ChrX	APH	ChrX_APH_ExpA	
SRR6283781	ChrX	APH	ChrX_APH_ExpB	CTG
SRR6283782	ChrX	APH	ChrX_APH_ExpC	GCA
SRR6283783	ChrX	DMSO	ChrX_DMSO_ExpA	C
SRR6283784	ChrX	DMSO	ChrX_DMSO_ExpB	AC
SRR6283785	ChrX	DMSO	ChrX_DMSO_ExpC	GTC
SRR6283786	ChrX	APH	ChrX_APH_ExpD	
SRR6283787	ChrX	APH	ChrX_APH_ExpE	CTG
SRR6283788	ChrX	APH	ChrX_APH_ExpF	GCA
SRR6283789	ChrX	DMSO	ChrX_DMSO_ExpD	C
SRR6283790	ChrX	DMSO	ChrX_DMSO_ExpE	AC
SRR6283791	ChrX	DMSO	ChrX_DMSO_ExpF	GTC
